{
  "DESCRIPTION": {
    "SCNCENM_NM": "학명",
    "TRE_SOM": "품계수종",
    "RNK_LC_CN": "품계위치",
    "MGE_ORG": "관리기관",
    "DONG_NM": "동명",
    "VTN_ERY": "식생활력",
    "LNG": "경도",
    "GU_NM": "구명",
    "TRE_IDN": "수목고유번호",
    "ITM_ERY": "품계활력",
    "GU_NO": "구번호",
    "SN": "순번",
    "ITM_TYPE": "품계수형",
    "RNK_BHT_HG": "품계흉고",
    "tree_name": "수목명",
    "THT_HG": "수고",
    "LAT": "위도",
    "WTRTB_BT": "수관너비",
    "LC": "위치",
    "BHT_DM": "흉고지름",
    "MGE_LVL": "관리등급",
    "ITM_LVL": "품계등급",
    "DME_STTN": "피해상태",
    "CMFE_LU_ST": "주변토지사용상태",
    "OBJECTID": "고유번호"
  },
  "DATA": [
    {
      "rnk_bht_hg": 10.0,
      "sn": 25.0,
      "tree_name": "광주시청",
      "tht_hg": 26.0,
      "tre_idn": "2-중림동-큰-0025",
      "vtn_ery": 2.0,
      "bht_dm": 50.0,
      "lng": "126.85173996140514",
      "mge_org": "공원녹지과",
      "dme_sttn": 1.0,
      "gu_no": "02",
      "itm_lvl": 38.0,
      "mge_lvl": 3.0,
      "gu_nm": "중구",
      "dong_nm": "중림동",
      "rnk_lc_cn": "6",
      "wtrtb_bt": 13.0,
      "lc": "손기정공원",
      "scncenm_nm": "Sophora japonica L.",
      "objectid": 3131,
      "itm_type": 6.0,
      "itm_ery": 10.0,
      "lat": "35.1599668908678",
      "tre_som": "6",
      "cmfe_lu_st": "50"
    },
    {
      "rnk_bht_hg": 15.0,
      "sn": 54.0,
      "tree_name": "부산시청",
      "tht_hg": 9.0,
      "tre_idn": "2-신당1동-큰-0054",
      "vtn_ery": 2.0,
      "bht_dm": 51.0,
      "lng": "129.07504726306323",
      "mge_org": "공원녹지과",
      "dme_sttn": 1.0,
      "gu_no": "02",
      "itm_lvl": 46.0,
      "mge_lvl": 2.0,
      "gu_nm": "중구",
      "dong_nm": "신당1동",
      "rnk_lc_cn": "9",
      "wtrtb_bt": 5.0,
      "lc": "성동실업여고",
      "scncenm_nm": "Ginkgo biloba L.",
      "objectid": 3132,
      "itm_type": 6.0,
      "itm_ery": 10.0,
      "lat": "35.17979190482385",
      "tre_som": "6",
      "cmfe_lu_st": "60"
    },
    {
      "rnk_bht_hg": 15.0,
      "sn": 54.0,
      "tree_name": "울산시청",
      "tht_hg": 9.0,
      "tre_idn": "2-신당1동-큰-0054",
      "vtn_ery": 2.0,
      "bht_dm": 51.0,
      "lng": "129.31159330732402",
      "mge_org": "공원녹지과",
      "dme_sttn": 1.0,
      "gu_no": "02",
      "itm_lvl": 46.0,
      "mge_lvl": 2.0,
      "gu_nm": "중구",
      "dong_nm": "신당1동",
      "rnk_lc_cn": "9",
      "wtrtb_bt": 5.0,
      "lc": "성동실업여고",
      "scncenm_nm": "Ginkgo biloba L.",
      "objectid": 3132,
      "itm_type": 6.0,
      "itm_ery": 10.0,
      "lat": "35.539626355348226",
      "tre_som": "6",
      "cmfe_lu_st": "60"
    },
    {
      "rnk_bht_hg": 15.0,
      "sn": 54.0,
      "tree_name": "대구시청",
      "tht_hg": 9.0,
      "tre_idn": "2-신당1동-큰-0054",
      "vtn_ery": 2.0,
      "bht_dm": 51.0,
      "lng": "128.60179121066201",
      "mge_org": "공원녹지과",
      "dme_sttn": 1.0,
      "gu_no": "02",
      "itm_lvl": 46.0,
      "mge_lvl": 2.0,
      "gu_nm": "중구",
      "dong_nm": "신당1동",
      "rnk_lc_cn": "9",
      "wtrtb_bt": 5.0,
      "lc": "성동실업여고",
      "scncenm_nm": "Ginkgo biloba L.",
      "objectid": 3132,
      "itm_type": 6.0,
      "itm_ery": 10.0,
      "lat": "35.871385861959844",
      "tre_som": "6",
      "cmfe_lu_st": "60"
    }
  ]
}